size,path
10,kpf
10,kpf/kpfui
10,kpf/kpfurban
10,kpf/kpfarchitecture
10,kpf/kpfarvr
10,kpf/kpfresilience
90,kpf/kpfui/blog1.js
90,kpf/kpfui/blog2.js
90,kpf/kpfui/blog3.js
90,kpf/kpfui/blog4.js
90,kpf/kpfui/blog5.js
90,kpf/kpfui/blog6.js
1000,kpf/kpfurban/blog1.js
1000,kpf/kpfurban/blog2.js
1000,kpf/kpfurban/blog3.js
1000,kpf/kpfurban/blog4.js
90,kpf/kpfarchitecture/blog1.js
90,kpf/kpfarchitecture/blog2.js
90,kpf/kpfarchitecture/blog3.js
90,kpf/kpfarchitecture/blog4.js
90,kpf/kpfarchitecture/blog5.js
90,kpf/kpfarchitecture/blog6.js
90,kpf/kpfarchitecture/blog7.js
90,kpf/kpfarvr/blog1.js
90,kpf/kpfarvr/blog2.js
90,kpf/kpfarvr/blog3.js
90,kpf/kpfresilience/blog1.js
90,kpf/kpfresilience/blog2.js